S.No,Symbol,Conf.,Open,High,Low,Close,VWAP,Vol,Prev. Close,Turnover,Trans.,Diff,Range,Diff %,Range %,VWAP %,120 Days,180 Days,52 Weeks High,52 Weeks Low
1,ACLBSL,-,"1,100.00","1,100.00","1,061.00","1,079.00","1,079.71","1,765.00","1,080.00","1,905,692.70",51,-1,39,-0.09,3.68,-0.07,"1,052.75",917.88,"1,491.00",500.1
2,ADBL,-,400,400,392.3,394,394.97,"84,201.00",395.4,"33,256,727.10",476,-1.4,7.7,-0.35,1.96,-0.25,311.79,286.44,428.4,223
3,ADBLD83,-,"1,110.00","1,110.00","1,110.00","1,110.00","1,110.00",500,"1,100.00","555,000.00",2,10,0,0.91,0,0,"1,060.38","1,039.70","1,138.50",966
4,AHL,-,702.7,702.7,675.1,683,689.37,"8,438.00",689,"5,816,913.10",125,-6,27.6,-0.87,4.09,-0.93,575.78,530,904,297.3
5,AHPC,-,292,297.7,287,289,293.18,"296,227.00",289,"86,849,246.80",869,0,10.7,0,3.73,-1.45,212.54,210.72,349,149
6,AKJCL,-,225,228,219.5,220,223.02,"58,750.00",223.9,"13,102,653.90",327,-3.9,8.5,-1.74,3.87,-1.37,211.89,215.7,274.9,141.3
7,AKPL,-,265.6,271,260.9,260.9,267.24,"231,520.00",265.7,"61,870,697.30",730,-4.8,10.1,-1.81,3.87,-2.43,205.29,199.71,326,154.5
8,ALBSL,-,"1,084.00","1,085.00","1,066.00","1,072.20","1,080.79","2,511.00","1,073.00","2,713,857.90",81,-0.8,19,-0.07,1.78,-0.8,988.59,892.1,"1,177.00",543
9,ALICL,-,721.5,748,721.5,730.2,739.09,"38,290.00",734.9,"28,299,614.80",156,-4.7,26.5,-0.64,3.67,-1.22,645.79,638.01,825,523
10,ANLB,-,"4,660.00","4,660.00","4,570.00","4,596.00","4,595.54",422,"4,740.00","1,939,316.40",14,-144,90,-3.04,1.97,0.01,"3,091.72","2,703.89","5,705.00","1,550.00"
11,API,-,315,317,310,311,314.12,"426,103.00",311.9,"133,846,538.60","1,803",-0.9,7,-0.29,2.26,-1,232.32,218.32,390,154.7
12,AVYAN,-,905.1,950,905.1,927,932.16,"2,149.00",921,"2,003,210.80",52,6,44.9,0.65,4.96,-0.56,924.34,824.94,"1,195.00",550
13,BARUN,-,356.2,384.9,356.1,365,369.21,"34,473.00",363.1,"12,727,798.50",189,1.9,28.8,0.52,8.09,-1.15,307.73,290.63,431.2,191.1
14,BBC,-,"4,410.00","4,410.00","4,290.10","4,290.10","4,342.51",535,"4,430.00","2,323,243.00",27,-139.9,119.9,-3.16,2.79,-1.22,"4,155.03","4,036.64","5,314.00","3,405.50"
15,BEDC,-,466,502,466,475.5,478.68,"13,515.00",474.8,"6,469,359.90",171,0.7,36,0.15,7.73,-0.67,434.14,408.07,550.8,184.1
16,BFC,-,635,643,620,630,634.55,"44,890.00",637,"28,484,937.50",379,-7,23,-1.1,3.71,-0.72,507.63,450.36,745,284
17,BGWT,-,975,980.9,957,957,970.68,"4,651.00",975,"4,514,642.50",78,-18,23.9,-1.85,2.5,-1.43,887.7,792.39,"1,361.70",352
18,BHDC,-,592,618.79,592,609,613.28,"7,542.00",600,"4,625,384.40",116,9,26.79,1.5,4.53,-0.7,583.96,546.88,829.7,304
19,BHL,-,439.1,447,437.4,440,441.61,"16,714.00",447,"7,380,997.10",134,-7,9.6,-1.57,2.19,-0.36,389.32,371.48,499,195
20,BHPL,-,702.9,702.9,686,687.1,689.42,"4,742.00",689.5,"3,269,225.50",77,-2.4,16.9,-0.35,2.46,-0.34,638.15,587.92,780,365.1
21,BNHC,-,499.8,499.8,480,481,486.34,"51,418.00",490,"25,006,836.70",311,-9,19.8,-1.84,4.13,-1.11,573.05,533.23,742,282.5
22,BNL,-,"17,780.00","17,780.00","17,780.00","17,780.00","17,780.00",10,"17,442.00","177,800.00",1,338,0,1.94,0,0,"16,934.87","13,671.23","23,765.60","2,502.30"
23,BNT,-,"14,802.00","14,950.00","14,586.00","14,950.00","14,745.04",166,"15,049.00","2,447,676.00",15,-99,364,-0.66,2.5,1.37,"13,982.67","13,700.70","18,100.00","10,500.00"
24,BPCL,-,480,487.5,471,487.5,477.79,"54,352.00",477,"25,968,815.90",279,10.5,16.5,2.2,3.5,1.99,360.9,344.17,536.5,284.4
25,C30MF,-,9.64,9.64,9.45,9.5,9.57,"10,100.00",9.61,"96,692.00",9,-0.11,0.19,-1.14,2.01,-0.77,9.38,9.14,10.92,7.61
26,CBBL,-,"1,005.10","1,016.00","1,000.00","1,008.00","1,011.03","10,343.00","1,005.00","10,457,071.10",147,3,16,0.3,1.6,-0.3,920.14,897.45,"1,155.00",800
27,CBLD88,-,"1,119.00","1,120.00","1,119.00","1,120.00","1,119.91",280,"1,140.00","313,575.00",3,-20,1,-1.75,0.09,0.01,"1,052.98","1,025.59","1,185.80",888.1
28,CCBD88,-,"1,103.00","1,117.00","1,103.00","1,117.00","1,112.82",275,"1,101.00","306,025.00",5,16,14,1.45,1.27,0.37,"1,059.69","1,022.43","1,150.00",906.1
29,CFCL,-,656,656,635,640,644.44,"44,519.00",645,"28,689,651.10",299,-5,21,-0.78,3.31,-0.69,524.99,465.02,820,298
30,CGH,-,966.9,966.9,937,939.9,950.5,"53,658.00",948,"51,002,157.10",458,-8.1,29.9,-0.85,3.19,-1.13,937.68,915.47,"1,360.00",760
31,CHCL,-,595,601.8,589,595,596.41,"53,912.00",598.7,"32,153,799.90",254,-3.7,12.8,-0.62,2.17,-0.24,510.47,499.99,697,426.3
32,CHDC,-,"1,820.00","1,820.00","1,770.00","1,789.90","1,793.38","43,571.00","1,790.00","78,139,472.70",542,-0.1,50,-0.01,2.82,-0.19,"1,319.57","1,205.58","2,370.00",627
33,CHL,-,371,371.9,360.1,367,365.9,"17,337.00",365,"6,343,549.50",112,2,11.8,0.55,3.28,0.3,342.47,327.07,447,197
34,CIT,-,"2,295.00","2,299.00","2,260.00","2,268.00","2,276.09","13,307.00","2,265.10","30,287,987.30",303,2.9,39,0.13,1.73,-0.36,"2,179.69","2,159.05","2,700.00","1,860.00"
35,CITY,-,857,890.8,857,860.1,882.06,"10,245.00",872,"9,036,712.40",128,-11.9,33.8,-1.36,3.94,-2.55,762.6,715.69,"1,168.50",503.7
36,CKHL,-,670.1,670.1,650.5,655,657.08,"3,768.00",657,"2,475,876.50",62,-2,19.6,-0.3,3.01,-0.32,611.52,597.09,783,300
37,CLI,-,658,675,656.4,664,666.94,"20,748.00",662,"13,837,773.60",563,2,18.6,0.3,2.83,-0.44,554.37,521.71,731,375
38,CMF1,-,10.4,10.53,10.33,10.36,10.4,"99,333.00",10.54,"1,032,977.61",17,-0.18,0.2,-1.71,1.94,-0.38,9.66,9.33,11.12,7.45
39,CMF2,-,9.55,9.72,9.46,9.51,9.53,"71,900.00",9.53,"685,389.00",16,-0.02,0.26,-0.21,2.75,-0.24,8.97,8.65,10.68,6.81
40,CORBL,-,860,869,845.3,855,855.64,"2,958.00",860,"2,530,973.00",25,-5,23.7,-0.58,2.8,-0.07,638.08,564.06,"1,055.00",303
41,CYCL,-,"1,529.00","1,604.80","1,529.00","1,589.00","1,590.35","11,522.00","1,559.80","18,323,975.10",276,29.2,75.8,1.87,4.96,-0.08,"1,548.80","1,446.19","1,823.00",882
42,CZBIL,-,258,265,252,260,259.1,"257,050.00",258,"66,601,979.50",623,2,13,0.78,5.16,0.35,203.13,190.93,296,152.5
43,DDBL,-,967,975,956.1,957,966.33,"6,246.00",967,"6,035,666.30",92,-10,18.9,-1.03,1.98,-0.97,860.31,829.69,"1,099.00",650
44,DHPL,-,268,268,255,258,261.39,"11,258.00",263,"2,942,764.70",240,-5,13,-1.9,5.1,-1.32,224.19,217.83,312,134
45,DLBS,-,"1,388.30","1,428.00","1,382.00","1,382.20","1,394.72","1,829.00","1,388.30","2,550,948.00",50,-6.1,46,-0.44,3.33,-0.91,"1,295.58","1,182.17","1,585.00",579
46,DOLTI,-,553,555,538.1,548.1,550.06,"14,842.00",543,"8,164,021.40",157,5.1,16.9,0.94,3.14,-0.36,488.13,453.99,742,190
47,DORDI,-,440.5,456,440.5,444,449.84,"10,032.00",449,"4,512,810.80",131,-5,15.5,-1.11,3.52,-1.32,447.37,444.86,576,196
48,EBL,-,621,625,615,615,620.93,"28,695.00",619.9,"17,817,708.20",221,-4.9,10,-0.79,1.63,-0.96,593.06,567.73,790,450
49,EBLD85,-,"1,102.50","1,120.00","1,100.00","1,120.00","1,110.07",105,"1,125.00","116,557.50",5,-5,20,-0.44,1.82,0.89,"1,066.18",0,"1,144.00",976.1
50,EBLD86,-,"1,035.00","1,040.00","1,035.00","1,040.00","1,036.67",75,"1,042.00","77,750.00",3,-2,5,-0.19,0.48,0.32,965.2,915.87,"1,045.50",790
51,EDBL,-,668.9,680,650,650,664.1,"30,195.00",656,"20,052,592.60",145,-6,30,-0.91,4.62,-2.17,487.65,444.41,742,290.2
52,EHPL,-,926.1,992.3,850.5,973,875.59,"106,634.00",945,"93,367,697.30",762,28,141.8,2.96,16.67,10.01,592.33,543.05,997,279.6
53,ENL,-,"1,146.60","1,200.00","1,146.60","1,148.00","1,172.28","3,814.00","1,170.00","4,471,067.00",63,-22,53.4,-1.88,4.66,-2.11,"1,065.51",975.23,"1,453.50",727
54,FMDBL,-,800,816,793.8,795,803.54,"24,445.00",815,"19,642,480.20",228,-20,22.2,-2.45,2.8,-1.07,733.34,695.22,"1,004.00",561.1
55,FOWAD,-,"1,500.00","1,514.80","1,476.00","1,495.00","1,498.89","2,103.00","1,500.00","3,152,174.80",56,-5,38.8,-0.33,2.63,-0.26,"1,372.33","1,278.71","1,739.00",974
56,GBBD85,-,"1,035.00","1,035.00","1,035.00","1,035.00","1,035.00",100,"1,044.00","103,500.00",1,-9,0,-0.86,0,0,991.08,957.44,"1,045.00",802.1
57,GBBL,-,473,475,467,469.2,472.02,"43,290.00",470,"20,433,704.60",243,-0.8,8,-0.17,1.71,-0.6,408.16,396.7,531.4,350
58,GBBLPO,-,205,205,205,205,205,"6,128.00",205,"1,256,240.00",1,0,0,0,0,0,0,0,206,205
59,GBILD86/87,-,"1,022.00","1,022.00","1,022.00","1,022.00","1,022.00",50,"1,042.00","51,100.00",1,-20,0,-1.92,0,0,954.64,901.69,"1,042.00",800
60,GBIME,-,265,271,263,266.5,267.92,"362,357.00",263,"97,082,880.20","1,254",3.5,8,1.33,3.04,-0.53,212.53,205.5,302,170
61,GBLBS,-,780,785,771,771,775.69,"4,303.00",779,"3,337,806.50",69,-8,14,-1.03,1.82,-0.61,777.16,710.5,979.5,438
62,GCIL,-,518.7,541,515.4,527,532,"69,316.00",518.7,"36,876,175.80",706,8.3,25.6,1.6,4.97,-0.95,509.44,511.28,668,363.1
63,GFCL,-,"1,092.70","1,200.00","1,080.00","1,200.00","1,115.73","164,841.00","1,114.90","183,917,412.30",895,85.1,120,7.63,11.11,7.02,730.42,637.06,"1,353.00",375
64,GHL,-,230,235,225.5,227,231.02,"140,341.00",230,"32,422,144.50",535,-3,9.5,-1.3,4.21,-1.77,183.62,178.26,283,120
65,GIBF1,-,9.43,9.61,9.42,9.6,9.46,"1,400.00",9.25,"13,241.00",7,0.35,0.19,3.78,2.02,1.48,9.13,8.88,10.6,7.2
66,GILB,-,"1,320.00","1,320.00","1,299.00","1,315.00","1,314.22","1,926.00","1,320.00","2,531,182.10",48,-5,21,-0.38,1.62,0.06,"1,308.34","1,163.94","1,815.00",748
67,GLBSL,-,"1,665.00","1,710.00","1,665.00","1,683.00","1,686.78","1,454.00","1,653.00","2,452,582.20",44,30,45,1.81,2.7,-0.22,"1,866.81","1,610.61","2,420.00",589.1
68,GLH,-,261,264,255.1,256,260.47,"50,081.00",258,"13,044,509.40",284,-2,8.9,-0.78,3.49,-1.75,237.38,236.15,336,194.6
69,GMFBS,-,"1,620.70","1,620.70","1,576.00","1,600.00","1,589.87","1,775.00","1,589.00","2,822,020.90",45,11,44.7,0.69,2.84,0.63,"1,526.94","1,319.33","2,327.00",652
70,GMFIL,-,625,639,622,627.9,630.53,"19,919.00",631,"12,559,600.20",174,-3.1,17,-0.49,2.73,-0.42,502.99,455.38,759,312.2
71,GRDBL,-,720,734.8,714,715,724.36,"9,886.00",725,"7,161,071.50",87,-10,20.8,-1.38,2.91,-1.31,552.71,488.48,914,282.2
72,GUFL,-,780,790,768.2,775.1,781.09,"37,798.00",779,"29,523,519.50",262,-3.9,21.8,-0.5,2.84,-0.77,755.69,726.25,"1,041.00",481.6
73,GVL,-,556,565,554.8,557,559.21,"8,630.00",566,"4,826,014.60",125,-9,10.2,-1.59,1.84,-0.4,541.9,509.28,699.9,321.1
74,H8020,-,10.01,10.32,10.01,10.18,10.19,"29,550.00",10.12,"301,148.00",21,0.06,0.31,0.59,3.1,-0.11,9.41,0,10.4,8.3
75,HATHY,-,"1,498.00","1,498.90","1,459.00","1,459.00","1,480.76","22,318.00","1,482.80","33,047,493.30",285,-23.8,39.9,-1.61,2.73,-1.49,"1,155.31","1,076.03","1,816.00",279.5
76,HBL,-,282.5,284.5,271,278.8,280.64,"196,132.00",277,"55,042,649.80",588,1.8,13.5,0.65,4.98,-0.66,219.05,211.35,312.1,167.1
77,HBLD83,-,"1,056.00","1,056.00","1,056.00","1,056.00","1,056.00",25,"1,052.00","26,400.00",1,4,0,0.38,0,0,"1,042.41",0,"1,090.00",971
78,HDHPC,-,224,227,218.6,218.9,223.69,"302,277.00",222,"67,617,150.80","1,025",-3.1,8.4,-1.4,3.84,-2.19,167.97,160.03,273,118
79,HDL,-,"1,392.30","1,392.30","1,360.00","1,363.00","1,373.09","34,281.00","1,365.00","47,070,934.40",569,-2,32.3,-0.15,2.38,-0.74,"1,374.32","1,441.45","2,155.00","1,140.00"
80,HEI,-,672.1,686.4,670.5,682,678.8,"19,731.00",676,"13,393,468.20",113,6,15.9,0.89,2.37,0.47,647.27,629.95,810,459.7
81,HEIP,-,370.5,372,370.5,371.1,371.23,"1,852.00",378,"687,516.00",5,-6.9,1.5,-1.83,0.4,-0.03,368.8,371.44,445.2,323.1
82,HHL,-,479,479,455.7,457,460.87,"33,930.00",469.8,"15,637,297.60",257,-12.8,23.3,-2.72,5.11,-0.85,401.9,381.56,560,182.7
83,HIDCL,-,281,296.7,280.2,288.1,291.64,"345,740.00",283.5,"100,830,004.47","1,259",4.6,16.5,1.62,5.89,-1.23,213.38,202.32,360,154
84,HIDCLP,-,182,193,182,186,188.99,"1,408,628.00",181,"266,213,446.00","1,992",5,11,2.76,6.04,-1.61,125.98,118.01,212,97.2
85,HLBSL,-,968,"1,020.00",968,996,997.3,"21,132.00",951,"21,074,978.20",315,45,52,4.73,5.37,-0.13,"1,080.42",930.15,"1,447.00",519.1
86,HLI,-,494.3,507,488.1,491,497.52,"71,995.00",499.7,"35,818,725.80",495,-8.7,18.9,-1.74,3.87,-1.33,432.83,423.21,607,364.1
87,HPPL,-,348,352.9,343,344,348.99,"20,675.00",348,"7,215,288.00",118,-4,9.9,-1.15,2.89,-1.45,309.31,299.45,463,199
88,HRL,-,901,907,885,885,898.6,"225,174.00",896,"202,341,484.10","2,068",-11,22,-1.23,2.49,-1.54,692.12,670.58,"1,060.00",309.2
89,HURJA,-,229.9,230,225.3,228,227.99,"43,769.00",228,"9,979,030.70",210,0,4.7,0,2.09,0,253.4,269.11,335.5,183.6
90,ICFC,-,795,799,766,784,788.87,"52,794.00",788,"41,647,561.00",350,-4,33,-0.51,4.31,-0.62,633.65,587.01,910,423
91,IGI,-,634.9,634.9,617,624,625.43,"25,971.00",623,"16,242,966.90",186,1,17.9,0.16,2.9,-0.23,580.67,570.45,760,433.2
92,IHL,-,537,543.9,521.1,521.1,532.86,"35,718.00",529.2,"19,032,859.30",219,-8.1,22.8,-1.53,4.38,-2.26,472.2,432.57,665,212
93,ILBS,-,"1,040.00","1,060.00","1,038.00","1,040.00","1,046.65","4,818.00","1,040.00","5,042,742.20",61,0,22,0,2.12,-0.64,"1,160.63","1,027.58","1,492.00",537
94,ILI,-,508,520.2,508,511.1,515.31,"31,146.00",516.5,"16,049,871.00",709,-5.4,12.2,-1.05,2.4,-0.82,500.35,513.16,620,412.5
95,JBBL,-,376.3,376.3,363,365,371.06,"77,097.00",369,"28,607,243.70",376,-4,13.3,-1.08,3.66,-1.66,327.87,318.56,445,259.8
96,JBLB,-,"1,600.00","1,612.00","1,595.00","1,595.00","1,603.76","5,170.00","1,600.00","8,291,415.00",136,-5,17,-0.31,1.07,-0.55,"1,486.02","1,431.19","1,920.00","1,205.00"
97,JFL,-,681,703.9,675,686,691,"53,534.00",694,"36,991,752.20",357,-8,28.9,-1.15,4.28,-0.73,614.84,535.21,880,316.7
98,JOSHI,-,331.5,331.5,318,320,322.84,"34,488.00",325,"11,134,220.69",156,-5,13.5,-1.54,4.25,-0.89,318.59,318.03,412,182.1
99,JSLBB,-,"1,528.80","1,555.00","1,520.00","1,550.00","1,540.38","3,062.00","1,560.00","4,716,656.20",75,-10,35,-0.64,2.3,0.62,"1,419.86","1,257.80","1,763.50",785
100,KBL,-,237.2,251.9,236.2,243,243.84,"1,359,024.00",237,"331,390,185.10","2,767",6,15.7,2.53,6.65,-0.35,177.28,167.18,272.9,129.6
101,KBLD86,-,"1,091.18","1,091.18","1,091.18","1,091.18","1,091.18",25,"1,092.70","27,279.50",1,-1.52,0,-0.14,0,0,986.89,999.42,"1,151.00",974
102,KBSH,-,"2,070.00","2,110.00","2,070.00","2,099.00","2,085.05","1,435.00","2,110.00","2,992,046.00",39,-11,40,-0.52,1.93,0.66,"1,597.86","1,388.79","2,726.00",721
103,KDBY,-,9.5,9.5,9.32,9.36,9.36,"107,082.00",9.5,"1,002,482.36",32,-0.14,0.18,-1.47,1.93,-0.02,9.36,9.14,11,7.24
104,KDL,-,"1,081.00","1,115.80","1,075.00","1,080.00","1,092.41","6,240.00","1,095.00","6,816,644.00",101,-15,40.8,-1.37,3.8,-1.15,"1,092.27",998.1,"1,381.00",717
105,KEF,-,9.18,9.18,8.75,9,9.04,"14,900.00",9,"134,685.00",21,0,0.43,0,4.91,-0.44,8.87,8.62,10.76,6.91
106,KKHC,-,279.4,279.4,269.9,269.9,274.2,"14,977.00",274,"4,106,660.45",105,-4.1,9.5,-1.5,3.52,-1.59,250.68,247.84,334.5,158
107,KMCDB,-,"1,035.00","1,049.90","1,028.00","1,034.90","1,038.68","3,276.00","1,030.00","3,402,701.50",85,4.9,21.9,0.48,2.13,-0.36,"1,043.86",927.21,"1,285.00",526
108,KPCL,-,505,514,495,506,506.55,"13,507.00",505,"6,842,004.90",82,1,19,0.2,3.84,-0.11,469.86,453.34,606.9,272.4
109,KRBL,-,645,646,625,633,632.61,"33,318.00",635,"21,077,430.80",167,-2,21,-0.31,3.36,0.06,526.08,477.85,804,241.1
110,KSBBL,-,478,481.9,471,476.5,478.24,"36,122.00",473.4,"17,274,895.50",161,3.1,10.9,0.65,2.31,-0.36,428.72,402.99,564.8,284.7
111,KSBBLD87,-,"1,040.00","1,040.00","1,040.00","1,040.00","1,040.00",25,"1,050.60","26,000.00",1,-10.6,0,-1.01,0,0,0,0,"1,072.00",880
112,KSY,-,8.91,9.04,8.9,9.04,9,700,9.04,"6,301.00",5,0,0.14,0,1.57,0.43,0,0,10.91,7.77
113,LBBL,-,510.9,510.9,491.2,495,500.69,"32,692.00",500.9,"16,368,413.80",153,-5.9,19.7,-1.18,4.01,-1.15,433.38,419.51,555.9,361
114,LBBLD89,-,"1,181.00","1,181.00","1,181.00","1,181.00","1,181.00",50,"1,180.90","59,050.00",1,0.1,0,0.01,0,0,0,0,"1,235.90","1,000.00"
115,LEC,-,296,299,289,289,293.3,"170,395.00",295.2,"49,977,572.40",551,-6.2,10,-2.1,3.46,-1.49,222.61,214.82,344,138
116,LICN,-,"2,157.40","2,157.40","2,116.00","2,120.00","2,133.40","19,754.00","2,115.10","42,143,265.30",264,4.9,41.4,0.23,1.96,-0.63,"1,663.56","1,565.78","2,475.00","1,239.70"
117,LLBS,-,"1,105.00","1,111.00","1,078.00","1,089.00","1,096.64","2,039.00","1,090.00","2,236,056.00",27,-1,33,-0.09,3.06,-0.7,"1,139.75","1,025.51","1,428.00",580
118,LSL,-,270,274.9,264,267,270.39,"260,590.00",267.6,"70,461,790.70",630,-0.6,10.9,-0.22,4.13,-1.27,197.67,186.52,300,143.6
119,LUK,-,9.13,9.36,9.12,9.36,9.3,"11,200.00",9.18,"104,157.00",9,0.18,0.24,1.96,2.63,0.64,8.98,8.76,10.22,7.7
120,LVF2,-,9,9.25,9,9.07,9.1,"1,317.00",8.9,"11,985.19",6,0.17,0.25,1.91,2.78,-0.33,8.62,8.42,10.01,7.09
121,MAKAR,-,509,509,489.9,500,503.1,"8,765.00",499.7,"4,409,706.60",132,0.3,19.1,0.06,3.9,-0.62,459.05,437.94,636,213.1
122,MANDU,-,940,953,927.1,942,939.02,"8,821.00",950,"8,283,091.40",203,-8,25.9,-0.84,2.79,0.32,"1,006.55",903.49,"1,493.10",407.5
123,MATRI,-,"1,451.00","1,457.00","1,431.10","1,432.00","1,442.31","3,110.00","1,459.00","4,485,589.10",82,-27,25.9,-1.85,1.81,-0.72,0,0,"1,716.00","1,303.90"
124,MBJC,-,346,352,341,341,346.33,"35,515.00",346,"12,299,967.90",309,-5,11,-1.45,3.23,-1.56,328.84,326.33,433,246
125,MBL,-,267,273,265,266.4,269.07,"109,254.00",265.5,"29,396,638.20",410,0.9,8,0.34,3.02,-1,208.87,200.75,295,157.8
126,MCHL,-,505.7,509,485,497,499.85,"9,825.00",495.8,"4,910,979.20",111,1.2,24,0.24,4.95,-0.57,452.43,414.46,609.2,200.1
127,MDB,-,655,681,652.1,662,660.97,"41,064.00",665,"27,141,952.50",222,-3,28.9,-0.45,4.43,0.16,568.25,516.93,821.1,375
128,MEHL,-,387,398,380.1,390.9,393.06,"34,578.00",392.9,"13,591,401.50",347,-2,17.9,-0.51,4.71,-0.55,357.11,338.59,457,175
129,MEL,-,300,307.9,299.1,303.8,302.9,"34,401.00",300,"10,420,126.00",431,3.8,8.8,1.27,2.94,0.3,260.68,249.17,375,149
130,MEN,-,660,666,651,658,659.89,"35,005.00",660,"23,099,352.50",200,-2,15,-0.3,2.3,-0.29,618.33,611.35,815.8,429.9
131,MERO,-,801,806,786,795,795.97,"15,686.00",802.8,"12,485,548.80",140,-7.8,20,-0.97,2.54,-0.12,746.54,688.96,980,463.3
132,MFIL,-,763.2,768,748,751.1,759.11,"31,440.00",764.9,"23,866,332.70",263,-13.8,20,-1.8,2.67,-1.07,621.37,586.31,917,472
133,MHCL,-,404,445.7,404,432.9,432.15,"24,883.00",412,"10,753,252.60",371,20.9,41.7,5.07,10.32,0.17,409.21,438.33,637,182
134,MHL,-,777.2,790,735.1,775.5,768.95,"6,772.00",777.2,"5,207,356.00",106,-1.7,54.9,-0.22,7.47,0.84,625.85,556.65,"1,101.00",267.7
135,MHNL,-,287.5,287.6,275,275.1,283.07,"10,156.00",282,"2,874,867.10",79,-6.9,12.6,-2.45,4.58,-2.9,263.09,260.93,379,174
136,MKCL,-,"1,600.00","1,640.00","1,571.00","1,575.00","1,617.28","13,647.00","1,600.00","22,070,965.60",300,-25,69,-1.56,4.39,-2.68,"1,262.14","1,163.95","1,926.00",178.8
137,MKHC,-,352,366.8,352,355.6,361.08,"11,099.00",355,"4,007,585.80",148,0.6,14.8,0.17,4.2,-1.54,348.48,331.45,460,186.6
138,MKHL,-,539,540,512,530,529.94,"10,453.00",530,"5,539,460.70",136,0,28,0,5.47,0.01,506.91,464.03,714,224.6
139,MKJC,-,488,488,471,475,480.91,"21,252.00",480,"10,220,261.00",156,-5,17,-1.04,3.61,-1.24,521.39,508.16,735,308.1
140,MLBBL,-,"1,626.10","1,680.00","1,596.00","1,624.90","1,604.56","9,081.00","1,659.00","14,571,019.20",49,-34.1,84,-2.06,5.26,1.25,"1,396.15","1,210.50","1,738.00",657
141,MLBL,-,422,427.6,415.2,419,421.96,"43,751.00",421.9,"18,461,060.60",169,-2.9,12.4,-0.69,2.99,-0.71,372.38,358.77,498,291
142,MLBLD89,-,"1,190.00","1,195.00","1,190.00","1,195.00","1,191.00",125,"1,205.00","148,875.00",2,-10,5,-0.83,0.42,0.33,0,0,"1,209.00","1,000.00"
143,MLBS,-,"1,615.00","1,674.10","1,615.00","1,615.00","1,642.50","2,955.00","1,639.00","4,853,576.90",60,-24,59.1,-1.46,3.66,-1.7,"1,429.51","1,214.61","2,001.00",570.1
144,MLBSL,-,"2,044.00","2,060.00","2,030.00","2,059.00","2,041.34","1,980.00","2,044.10","4,041,846.90",64,14.9,30,0.73,1.48,0.86,"1,974.42","1,886.94","2,325.60","1,535.00"
145,MMF1,-,8.92,9.05,8.8,8.96,8.94,"56,871.00",8.75,"508,354.06",70,0.21,0.25,2.4,2.84,0.24,7.93,7.73,9.5,6.53
146,MMKJL,-,510,540,502,538,530.62,"33,117.00",517.1,"17,572,438.00",247,20.9,38,4.04,7.57,1.37,509.25,481.01,749,225
147,MNBBL,-,419.5,419.5,412,412,416.38,"47,660.00",416,"19,844,602.90",260,-4,7.5,-0.96,1.82,-1.06,378.85,373.42,482,332.4
148,MND84/85,-,"1,030.00","1,030.00","1,030.00","1,030.00","1,030.00",60,"1,030.00","61,800.00",1,0,0,0,0,0,0,0,"1,044.00",950.9
149,MPFL,-,792,795,761.1,771,782.14,"45,283.00",785,"35,417,596.00",370,-14,33.9,-1.78,4.45,-1.44,574.91,503.04,936.9,261
150,MSHL,-,950.6,"1,009.10",920,921.2,937.65,"13,311.00",970,"12,481,062.90",161,-48.8,89.1,-5.03,9.68,-1.79,775.4,729.91,"1,180.00",294.2
151,MSLB,-,"1,599.00","1,599.00","1,540.00","1,550.00","1,550.53","1,636.00","1,570.00","2,536,670.50",30,-20,59,-1.27,3.83,-0.03,"1,386.96","1,233.93","1,737.00",699.3
152,NABBC,-,661.7,661.7,632,645,646.86,"21,570.00",648.8,"13,952,726.30",92,-3.8,29.7,-0.59,4.7,-0.29,565.36,514.9,715,342.1
153,NABIL,-,615,619,602,607.1,609.01,"70,872.00",608,"43,161,960.00",531,-0.9,17,-0.15,2.82,-0.32,527.63,505.97,700,419
154,NADEP,-,"1,057.00","1,080.00","1,056.20","1,064.00","1,071.51","3,186.00","1,077.00","3,413,817.00",39,-13,23.8,-1.21,2.25,-0.71,918.98,806.01,"1,190.00",455
155,NBF2,-,9.3,9.54,9.2,9.22,9.36,"56,520.00",9.47,"529,232.50",20,-0.25,0.34,-2.64,3.7,-1.56,9.1,8.79,10.63,7.03
156,NBF3,-,9,9.39,8.85,9.38,9.33,"325,404.00",8.93,"3,036,734.78",71,0.45,0.54,5.04,6.1,0.51,8.15,7.91,10.45,6.74
157,NBL,-,295,302,295,300,299.35,"161,026.00",294.8,"48,203,672.50",552,5.2,7,1.76,2.37,0.22,244.81,238.51,337.5,195.1
158,NBLD82,-,"1,090.00","1,094.40","1,090.00","1,094.40","1,092.20",50,"1,073.00","54,610.00",3,21.4,4.4,1.99,0.4,0.2,"1,014.22",0,"1,094.40",965
159,NBLD85,-,994,"1,013.80",994,"1,013.80","1,003.90",50,"1,000.00","50,195.00",2,13.8,19.8,1.38,1.99,0.98,957,913.99,"1,035.00",809
160,NBLD87,-,"1,022.00","1,022.00","1,022.00","1,022.00","1,022.00",100,"1,027.10","102,200.00",3,-5.1,0,-0.5,0,0,971.84,922.17,"1,049.00",785
161,NCCD86,-,"1,062.40","1,065.00","1,062.40","1,065.00","1,063.70",50,"1,084.00","53,185.00",2,-19,2.6,-1.75,0.24,0.12,"1,005.42",974.37,"1,092.00",890.5
162,NESDO,-,"2,265.00","2,395.00","2,265.00","2,345.00","2,308.38","3,838.00","2,268.00","8,859,570.00",79,77,130,3.4,5.74,1.56,"2,103.84","1,960.06","2,641.00","1,418.00"
163,NFS,-,"1,416.60","1,502.20","1,388.30","1,446.00","1,429.75","84,658.00","1,445.50","121,039,970.10",945,0.5,113.9,0.03,8.2,1.12,"1,099.88",851.88,"2,614.90",270
164,NGPL,-,460,502,460,475,477.56,"388,816.00",457,"185,681,973.10","1,244",18,42,3.94,9.13,-0.54,374.2,354.31,530,190
165,NHDL,-,611.9,611.9,592.7,605,604.63,"6,976.00",600,"4,217,888.20",71,5,19.2,0.83,3.24,0.06,537.66,502.75,718,312
166,NHPC,-,238,240.4,229.5,231,236.05,"150,049.00",235.7,"35,419,771.50",549,-4.7,10.9,-1.99,4.75,-2.19,182.13,175.42,290,126
167,NIBD2082,-,"1,060.30","1,069.00","1,060.00","1,067.00","1,064.75",675,"1,058.00","718,707.50",4,9,9,0.85,0.85,0.21,"1,036.77","1,004.45","1,150.00","1,000.00"
168,NIBD84,-,"1,045.10","1,045.10","1,045.00","1,045.00","1,045.05",50,"1,045.00","52,252.50",2,0,0.1,0,0.01,0,965.13,922.43,"1,058.00",810.7
169,NIBLGF,-,9,9.01,9,9,9,"8,100.00",9.02,"72,901.00",9,-0.02,0.01,-0.22,0.11,0,8.83,8.57,10.64,7.22
170,NIBLSTF,-,8.46,8.51,8.46,8.51,8.47,"1,410.00",8.62,"11,937.60",6,-0.11,0.05,-1.28,0.59,0.51,0,0,10.55,7.95
171,NIBSF2,-,8.76,8.9,8.76,8.8,8.86,"14,530.00",8.73,"128,744.60",11,0.07,0.14,0.8,1.6,-0.69,8.2,7.95,9.6,6.6
172,NICA,-,498,505,493,493,496.69,"80,563.00",498.7,"40,014,898.30",397,-5.7,12,-1.14,2.43,-0.75,440.76,441.95,573,341.6
173,NICAD8182,-,"1,047.50","1,055.00","1,047.50","1,055.00","1,051.67",45,"1,027.00","47,325.00",2,28,7.5,2.73,0.72,0.32,987.03,0,"1,059.00",931.2
174,NICAD85/86,-,"1,066.00","1,066.00","1,066.00","1,066.00","1,066.00",50,"1,060.10","53,300.00",1,5.9,0,0.56,0,0,0,0,"1,100.00","1,000.00"
175,NICBF,-,8.83,9.2,8.83,9.2,9.05,"1,850.00",9,"16,739.50",5,0.2,0.37,2.22,4.19,1.65,9.18,8.99,10.5,7.71
176,NICFC,-,9.1,9.45,9.1,9.3,9.36,"84,075.00",9.06,"786,882.50",24,0.24,0.35,2.65,3.85,-0.64,9.28,9.09,10.99,7.52
177,NICGF,-,10.83,10.9,10.72,10.76,10.78,"65,250.00",10.63,"703,397.00",14,0.13,0.18,1.22,1.68,-0.19,10.22,9.95,11.91,8.3
178,NICGF2,-,8.56,8.74,8.56,8.74,8.65,700,8.73,"6,053.00",5,0.01,0.18,0.11,2.1,1.06,8.41,0,10,7.32
179,NICL,-,"1,031.10","1,039.00","1,022.00","1,031.00","1,032.00","14,366.00","1,031.00","14,825,775.60",126,0,17,0,1.66,-0.1,924.15,906.47,"1,162.00",695
180,NICLBSL,-,753,767,742,752.9,756.19,"7,467.00",752.9,"5,646,442.20",148,0,25,0,3.37,-0.44,715.88,674.91,907,520.3
181,NICSF,-,9.1,9.61,9.1,9.6,9.4,"246,180.00",9.04,"2,313,479.60",28,0.56,0.51,6.19,5.6,2.11,9.58,9.35,11.45,7.65
182,NIFRA,-,294.7,308,290,298.1,299.94,"490,796.00",289,"147,207,727.80","2,150",9.1,18,3.15,6.21,-0.62,238.89,231.41,366.6,180.2
183,NIFRAUR85/86,-,999.5,999.5,999.5,999.5,999.5,30,980,"29,985.00",1,19.5,0,1.99,0,0,0,0,"1,000.00",857
184,NIL,-,960,960,930,930,935.44,"12,820.00",944,"11,992,404.60",104,-14,30,-1.48,3.23,-0.59,868.91,852.84,"1,050.00",750
185,NIMB,-,254,264.9,253,256.1,259.5,"409,538.00",254,"106,276,689.30","1,141",2.1,11.9,0.83,4.7,-1.33,196.2,186.68,295,147.4
186,NIMBD90,-,"1,130.00","1,130.00","1,130.00","1,130.00","1,129.17",30,"1,152.60","33,875.00",2,-22.6,0,-1.96,0,0.07,0,0,"1,152.60",999.6
187,NIMBPO,-,175.1,182,175.1,179,179.1,"23,670.00",178,"4,239,290.40",31,1,6.9,0.56,3.94,-0.06,156.07,150.71,222,122.8
188,NLG,-,"1,318.00","1,318.00","1,275.00","1,275.00","1,292.24","18,824.00","1,300.00","24,325,054.30",183,-25,43,-1.92,3.37,-1.35,937.21,887.07,"1,382.00",661.5
189,NLIC,-,885,887,866.5,869.5,879.85,"52,798.00",875,"46,454,250.90",418,-5.5,20.5,-0.63,2.37,-1.19,713.09,680.7,"1,060.00",566
190,NLICL,-,645.4,650,627.3,637,639.46,"13,726.00",632.8,"8,777,169.00",128,4.2,22.7,0.66,3.62,-0.39,598.02,590.23,776.1,521.3
191,NMB,-,281,288,274.5,284.3,283.32,"224,299.00",280,"63,548,005.80",698,4.3,13.5,1.54,4.92,0.35,221.21,210.27,300,162
192,NMB50,-,10.11,10.64,9.9,10.64,10.17,"267,320.00",10.27,"2,718,680.90",36,0.37,0.74,3.6,7.47,4.42,10.46,10.14,12.54,8.71
193,NMBD87/88,-,"1,027.00","1,027.00","1,027.00","1,027.00","1,027.00",25,"1,047.60","25,675.00",1,-20.6,0,-1.97,0,0,940.61,0,"1,048.00",770.2
194,NMBD89/90,-,"1,152.00","1,152.00","1,152.00","1,152.00","1,152.00",25,"1,166.20","28,800.00",1,-14.2,0,-1.22,0,0,0,0,"1,206.00","1,027.00"
195,NMBMF,-,719.3,735,719.3,725,731.25,"6,109.00",722,"4,467,217.20",48,3,15.7,0.42,2.18,-0.86,716.54,660.33,918,463.6
196,NMFBS,-,"1,475.00","1,500.00","1,468.00","1,468.00","1,480.31","3,733.00","1,475.50","5,525,995.60",45,-7.5,32,-0.51,2.18,-0.84,"1,402.58","1,310.08","1,727.00",901
197,NMLBBL,-,805.5,824,805.5,807.2,816.41,"18,737.00",814,"15,296,993.40",155,-6.8,18.5,-0.84,2.3,-1.14,0,0,988,599.6
198,NRIC,-,820,875,820,837,844.52,"90,155.00",830,"76,137,982.20",568,7,55,0.84,6.71,-0.9,751.92,751.26,"1,052.00",585
199,NRM,-,461.9,465.7,453,453,460.21,"31,197.00",461.9,"14,357,294.70",311,-8.9,12.7,-1.93,2.8,-1.59,426.88,412.48,580.8,205.9
200,NRN,-,935,943,925,925,935.78,"63,800.00",931.1,"59,703,066.50",305,-6.1,18,-0.66,1.95,-1.17,761.86,696.68,"1,132.00",280.6
201,NSIF2,-,10.75,10.75,10.39,10.43,10.49,"123,925.00",10.54,"1,300,235.75",18,-0.11,0.36,-1.04,3.46,-0.6,10.37,9.97,12.47,8.35
202,NTC,-,"1,013.00","1,023.00",995,"1,009.50","1,011.97","41,341.00",998.5,"41,835,888.80",412,11,28,1.1,2.81,-0.24,905.59,891.98,"1,214.00",800
203,NUBL,-,750,762,741,753,751.53,"13,356.00",749,"10,037,457.40",133,4,21,0.53,2.83,0.19,725.11,699.81,930.2,544.4
204,NWCL,-,"1,040.00","1,056.00","1,026.20","1,034.00","1,043.29","12,128.00","1,039.00","12,653,015.30",207,-5,29.8,-0.48,2.9,-0.9,914.94,869.87,"1,264.00",208.8
205,NYADI,-,316.6,340,316.6,318.5,323.08,"30,262.00",323,"9,777,157.50",221,-4.5,23.4,-1.39,7.39,-1.44,328.17,316.78,436.4,183
206,OHL,-,978,"1,000.00",960,976,978.13,"8,434.00",997.9,"8,249,540.20",61,-21.9,40,-2.19,4.17,-0.22,881.32,846.25,"1,205.00",639.5
207,PBD85,-,"1,050.00","1,060.00","1,050.00","1,060.00","1,056.69",151,"1,060.00","159,560.00",4,0,10,0,0.95,0.31,950.96,898.28,"1,061.20",790.3
208,PBD88,-,"1,110.00","1,110.00","1,110.00","1,110.00","1,110.00",75,"1,110.00","83,250.00",3,0,0,0,0,0,"1,048.03","1,026.65","1,133.00",872
209,PCBL,-,300,302,294.2,298,299.68,"141,846.00",297.1,"42,507,778.50",454,0.9,7.8,0.3,2.65,-0.56,239.24,225.87,329,176.9
210,PFL,-,650,709,632,672.2,671.55,"158,193.00",645,"106,234,295.00",933,27.2,77,4.22,12.18,0.1,630.56,546.83,795,320.2
211,PHCL,-,417.9,433.5,411,426,422.22,"151,384.00",414.9,"63,917,614.70",760,11.1,22.5,2.68,5.47,0.89,345.48,338.98,489,216
212,PMHPL,-,292.5,292.5,280,281,285.85,"28,048.00",286.8,"8,017,447.80",151,-5.8,12.5,-2.02,4.46,-1.73,255.11,254.69,340.6,160
213,PMLI,-,567.5,579.9,567.5,572.6,573.44,"13,127.00",572.5,"7,527,500.60",168,0.1,12.4,0.02,2.19,-0.15,556.01,546.27,732.2,473
214,PPCL,-,275,275,267,270,270.1,"39,081.00",270,"10,555,693.50",141,0,8,0,3,-0.04,263.52,263.07,367.2,196
215,PPL,-,500,511,497.9,500,505.71,"13,597.00",497,"6,876,091.40",212,3,13.1,0.6,2.63,-1.14,510.76,467.66,683.4,198.1
216,PRIN,-,"1,015.00","1,015.00",994.7,998.4,999.68,"8,553.00",998.9,"8,550,271.40",64,-0.5,20.3,-0.05,2.04,-0.13,878.16,851.22,"1,113.00",618
217,PROFL,-,666,678.1,651.7,659,664.68,"70,881.00",657,"47,113,485.10",467,2,26.4,0.3,4.05,-0.86,482.08,428.15,865,269.1
218,PRSF,-,9.6,9.96,9.6,9.71,9.78,"286,033.00",9.77,"2,796,396.30",22,-0.06,0.36,-0.61,3.75,-0.68,9.58,9.26,11.3,7.45
219,PRVU,-,269,273,262,265,269.4,"524,513.00",265,"141,305,412.50","1,583",0,11,0,4.2,-1.66,188.38,175.77,297,132
220,PSF,-,9.39,9.93,9.23,9.93,9.61,"17,000.00",9.58,"163,412.00",17,0.35,0.7,3.65,7.58,3.2,9.65,9.3,11.1,7.15
221,RADHI,-,418.8,422.7,410.5,414,416.61,"121,288.00",412,"50,529,602.60",422,2,12.2,0.49,2.97,-0.63,314.79,295.86,477,202.4
222,RAWA,-,740,777,725,774.7,745.8,"46,355.00",737,"34,571,687.60",297,37.7,52,5.12,7.17,3.73,589.85,553.42,831.9,316.6
223,RBCL,-,"17,450.00","17,935.00","17,444.00","17,855.00","17,686.65",282,"17,771.00","4,987,633.90",26,84,491,0.47,2.81,0.94,"15,236.99","14,802.06","22,493.90","12,800.00"
224,RBCLPO,-,"12,749.00","12,749.00","12,410.00","12,600.00","12,546.06",569,"12,599.00","7,138,709.10",25,1,339,0.01,2.73,0.43,"11,678.37","11,494.79","16,270.00","9,893.10"
225,RFPL,-,541,554,533,549,543.8,"14,628.00",550,"7,954,655.70",170,-1,21,-0.18,3.94,0.95,421.72,396.43,587,193.8
226,RHGCL,-,401.8,415.7,399,411,405.29,"17,723.00",410,"7,182,918.50",163,1,16.7,0.24,4.19,1.39,377.85,351.68,492.6,184.5
227,RHPL,-,388.5,396.2,385,387.9,390.32,"55,439.00",388.5,"21,638,713.40",333,-0.6,11.2,-0.15,2.91,-0.62,329.58,316.88,521,239
228,RIDI,-,247,253.9,245,247,250.02,"99,231.00",247,"24,809,360.80",378,0,8.9,0,3.63,-1.22,205.12,209.47,320,154.5
229,RLFL,-,643,659,635,642,645.34,"63,416.00",643,"40,924,816.50",393,-1,24,-0.16,3.78,-0.52,497.43,454.67,838,285
230,RMF1,-,9.03,9.2,8.95,9,9.12,"41,944.00",9.03,"382,620.80",16,-0.03,0.25,-0.33,2.79,-1.36,8.45,8.25,10.19,6.82
231,RMF2,-,9.27,9.63,9.27,9.63,9.49,"2,100.00",9.27,"19,937.00",6,0.36,0.36,3.88,3.88,1.41,9.18,8.91,10.73,7.23
232,RNLI,-,508.5,520,508.5,514,514.73,"38,152.00",512.2,"19,638,056.20",615,1.8,11.5,0.35,2.26,-0.14,473.06,472.65,612,390
233,RSDC,-,760,763.9,745.3,758,756.27,"8,422.00",749,"6,369,320.50",100,9,18.6,1.2,2.5,0.23,716.59,665.1,890,482
234,RURU,-,780,809,779,786,789.79,"21,278.00",794,"16,805,215.70",195,-8,30,-1.01,3.85,-0.48,691.43,697.93,926.8,484.9
235,SADBL,-,438.9,442,432,436,438.35,"38,703.00",436,"16,965,356.30",161,0,10,0,2.31,-0.54,370.69,348.55,497,266
236,SAEF,-,11.1,11.44,11.1,11.22,11.22,"104,450.00",11,"1,172,272.00",14,0.22,0.34,2,3.06,-0.03,10.78,10.51,13.01,8.91
237,SAGF,-,9.43,9.65,9.43,9.59,9.64,"10,900.00",9.62,"105,117.00",5,-0.03,0.22,-0.31,2.33,-0.56,9.47,9.22,10.93,7.61
238,SAHAS,-,484,495,478,486.1,489.58,"326,474.00",485,"159,835,832.60","1,289",1.1,17,0.23,3.56,-0.72,547.82,547.14,725,405.4
239,SALICO,-,770,789,761.5,778,780.42,"10,525.00",777,"8,213,917.20",86,1,27.5,0.13,3.61,-0.31,735.46,717.05,926,602
240,SAMAJ,-,"3,130.00","3,275.00","3,067.40","3,245.00","3,138.72","2,411.00","3,087.00","7,567,452.00",78,158,207.6,5.12,6.77,3.28,"2,612.64","2,189.50","3,544.50",87.9
241,SANIMA,-,348,351.7,344.1,348,348.8,"223,487.00",348,"77,952,578.30",610,0,7.6,0,2.21,-0.23,291.39,275.46,382,228
242,SAPDBL,-,589,589,566,569,575.64,"37,255.00",580,"21,445,319.90",152,-11,23,-1.9,4.06,-1.17,427.17,374.98,654,211.7
243,SARBTM,-,823,834,795,795,815.38,"79,104.00",807,"64,499,624.30",550,-12,39,-1.49,4.91,-2.56,824.61,0,"1,083.00",556
244,SBCF,-,8.9,9.34,8.9,9.34,9.14,"11,740.00",8.8,"107,307.00",21,0.54,0.44,6.14,4.94,2.14,8.5,8.26,10.04,7.13
245,SBD87,-,"1,028.00","1,028.00","1,028.00","1,028.00","1,028.00",25,"1,048.00","25,700.00",1,-20,0,-1.91,0,0,955.18,896.96,"1,048.00",785.7
246,SBI,-,473,499,470,481.1,486.46,"373,974.00",469,"181,924,686.40",881,12.1,29,2.58,6.17,-1.11,359.75,337.4,499,268.6
247,SBID83,-,"1,064.00","1,085.00","1,064.00","1,085.00","1,078.00",75,"1,085.00","80,850.00",3,0,21,0,1.97,0.65,"1,044.91","1,016.84","1,133.00",920
248,SBID89,-,"1,065.50","1,065.50","1,045.00","1,045.00","1,061.40",125,"1,087.20","132,675.00",2,-42.2,20.5,-3.88,1.96,-1.57,982.42,0,"1,088.00",838
249,SBL,-,365,370,360,363,366.25,"115,119.00",366,"42,162,685.30",364,-3,10,-0.82,2.78,-0.9,287.35,268.13,380,212.2
250,SBLD2082,-,"1,071.50","1,071.50","1,071.50","1,071.50","1,071.50",25,"1,050.50","26,787.50",1,21,0,2,0,0,"1,029.87","1,039.58","1,259.50",996
251,SCB,-,710,715,707,710,709.31,"22,079.00",709,"15,660,893.20",185,1,8,0.14,1.13,0.1,621.15,589.16,790,497.4
252,SEF,-,9.59,9.77,9.55,9.77,9.59,"1,800.00",9.41,"17,253.00",6,0.36,0.22,3.83,2.3,1.89,8.77,8.53,10.49,7.16
253,SFCL,-,661,690,661,670,678.83,"63,178.00",671,"42,887,361.80",444,-1,29,-0.15,4.39,-1.32,497.14,436.06,812,246.2
254,SFEF,-,8.99,9,8.99,9,9,200,8.97,"1,799.00",2,0.03,0.01,0.33,0.11,0.06,8.55,8.39,10.5,7.41
255,SFMF,-,9.92,10,9.92,10,9.98,"15,300.00",9.8,"152,676.00",5,0.2,0.08,2.04,0.81,0.21,10.14,9.98,11.99,8.8
256,SGHC,-,416,423,407,412,416.05,"9,725.00",412,"4,046,058.00",138,0,16,0,3.93,-0.98,369.8,352.89,535.5,205.1
257,SGIC,-,674.7,701,650,668.1,672.94,"30,051.00",661.5,"20,222,536.10",275,6.6,51,1,7.85,-0.72,608.51,583.18,795,417
258,SHEL,-,259.8,265,254,255,260.82,"241,457.00",257,"62,975,700.50",775,-2,11,-0.78,4.33,-2.28,202.35,209.94,334.4,143.1
259,SHINE,-,502.1,508,497,497,502.35,"59,560.00",502,"29,919,880.60",287,-5,11,-1,2.21,-1.08,440.48,421.05,625,346.6
260,SHIVM,-,626,660,624,631,641.16,"248,478.00",626,"159,314,081.70","1,363",5,36,0.8,5.77,-1.61,554.38,540.11,779.9,446.9
261,SHL,-,542,544.4,534,535,540.16,"72,803.00",541,"39,325,304.10",224,-6,10.4,-1.11,1.95,-0.96,484.19,473.69,636.5,382.2
262,SHLB,-,"1,920.00","1,953.30","1,911.10","1,926.00","1,930.51","1,873.00","1,950.00","3,615,848.00",49,-24,42.2,-1.23,2.21,-0.23,"1,745.78","1,482.47","2,330.00",777
263,SHPC,-,568,570,549,549,559.33,"98,951.00",559,"55,345,958.10",422,-10,21,-1.79,3.83,-1.88,419.82,396.7,680,282.3
264,SICL,-,880,880,866,871,874.11,"10,486.00",865,"9,165,968.40",110,6,14,0.69,1.62,-0.36,783.73,761.42,"1,120.00",670
265,SIFC,-,630,649,629.1,639.8,638.49,"32,099.00",638,"20,495,003.60",217,1.8,19.9,0.28,3.16,0.2,521.27,468.85,795,300.1
266,SIGS2,-,9.81,9.81,9.62,9.74,9.81,"74,770.00",9.64,"733,222.00",4,0.1,0.19,1.04,1.98,-0.68,8.81,8.6,10.14,6.92
267,SIGS3,-,9.67,9.67,9.3,9.41,9.37,"3,635.00",9.51,"34,049.60",7,-0.1,0.37,-1.05,3.98,0.46,9.11,0,10.81,7.86
268,SIKLES,-,737,737,695.1,730,709.09,"5,821.00",725,"4,127,614.80",91,5,41.9,0.69,6.03,2.86,667.77,611.73,972,327
269,SINDU,-,680,685,655.1,670,668.91,"15,406.00",675,"10,305,158.40",117,-5,29.9,-0.74,4.56,0.16,488.43,435.18,740,234
270,SJCL,-,353,353,337.5,340,342.43,"20,438.00",347.9,"6,998,597.50",186,-7.9,15.5,-2.27,4.59,-0.71,306.28,301.16,442,232.1
271,SJLIC,-,500.1,513.9,500,507.6,506.91,"41,059.00",504,"20,813,144.80",389,3.6,13.9,0.71,2.78,0.14,461.19,476.2,644,395.1
272,SKBBL,-,961.2,975,960,966,965.19,"16,069.00",966,"15,509,706.20",161,0,15,0,1.56,0.08,886.81,873.94,"1,105.00",790
273,SLBBL,-,977,"1,034.00",977,989,991.95,"29,853.00",994,"29,612,656.20",196,-5,57,-0.5,5.83,-0.3,872.31,797.9,"1,250.00",541
274,SLBSL,-,"1,527.90","1,527.90","1,422.00","1,431.10","1,443.75","3,666.00","1,498.00","5,292,788.80",97,-66.9,105.9,-4.47,7.45,-0.88,"1,194.72","1,047.51","1,537.90",578.2
275,SLCF,-,9.2,9.5,9.2,9.31,9.34,"64,070.00",9.18,"598,111.10",23,0.13,0.3,1.42,3.26,-0.27,8.66,8.38,10.6,6.87
276,SMATA,-,930,959.8,930,935,941.87,"2,530.00",945,"2,382,922.90",65,-10,29.8,-1.06,3.2,-0.73,945.18,844.75,"1,271.00",558
277,SMB,-,"1,830.00","1,844.00","1,785.00","1,785.00","1,815.84","1,213.00","1,848.00","2,202,615.90",45,-63,59,-3.41,3.31,-1.73,"1,699.59","1,486.48","2,122.40",827
278,SMFBS,-,"1,555.30","1,617.00","1,500.00","1,549.00","1,538.38","4,066.00","1,587.00","6,255,043.30",48,-38,117,-2.39,7.8,0.69,"1,442.47","1,280.81","1,780.00",717.4
279,SMH,-,"1,053.60","1,114.80","1,035.00","1,059.00","1,050.71","3,429.00","1,033.00","3,602,889.20",58,26,79.8,2.52,7.71,0.78,872.1,800.12,"1,258.00",485
280,SMHL,-,600,612,597.8,612,605.62,"6,355.00",600,"3,848,714.40",112,12,14.2,2,2.38,1.04,589.84,547.28,795,310.3
281,SMJC,-,570,624,570,596,604.84,"118,719.00",577,"71,806,511.90",939,19,54,3.29,9.47,-1.48,459.09,431.56,800,225.5
282,SMPDA,-,931,984.9,931,948,958.51,"8,142.00",949,"7,804,185.60",111,-1,53.9,-0.11,5.79,-1.11,0,0,"1,278.90",826
283,SNLI,-,613,617.9,609,609.1,613.85,"23,868.00",612,"14,651,402.60",530,-2.9,8.9,-0.47,1.46,-0.78,550.72,565.7,708,396.1
284,SONA,-,500,517.4,490,504,508.01,"158,570.00",493,"80,554,437.50","1,516",11,27.4,2.23,5.59,-0.79,476.42,477.12,624,230
285,SPC,-,547,548,530.6,532,536,"6,389.00",539,"3,424,528.80",58,-7,17.4,-1.3,3.28,-0.75,565.15,570.7,766,307.8
286,SPDL,-,315,319,307,310,316.07,"80,800.00",311.1,"25,538,270.00",241,-1.1,12,-0.35,3.91,-1.96,273.84,268.77,389,160
287,SPHL,-,688,688,662,678.3,669.9,"9,244.00",674.9,"6,192,512.20",74,3.4,26,0.5,3.93,1.24,584.9,548.61,750.2,382.2
288,SPIL,-,887,887,860.1,880,874.08,"12,502.00",872.3,"10,927,730.60",89,7.7,26.9,0.88,3.13,0.67,844.06,808.97,"1,076.00",672.1
289,SPL,-,869.9,875,850,850,861.17,"2,305.00",860,"1,984,986.70",69,-10,25,-1.16,2.94,-1.31,778.29,742.91,"1,109.60",619
290,SRLI,-,475,475,461.1,468.9,469.8,"47,551.00",468.8,"22,339,289.10",478,0.1,13.9,0.02,3.01,-0.19,488.5,476.1,654,401.5
291,SSHL,-,230.1,233,225.5,227.5,229.8,"90,408.00",229.7,"20,775,764.70",345,-2.2,7.5,-0.96,3.33,-1.01,194.38,187.17,281.1,133
292,STC,-,"6,198.90","6,198.90","5,861.00","5,969.00","5,959.08","3,834.00","6,090.00","22,847,106.00",146,-121,337.9,-1.99,5.77,0.17,"5,291.22","5,220.40","7,000.00","4,210.00"
293,SWBBL,-,"1,076.00","1,092.00","1,069.00","1,080.00","1,082.55","22,597.00","1,055.00","24,462,466.20",224,25,23,2.37,2.15,-0.24,934.87,872.63,"1,232.00",653.7
294,SWMF,-,845.2,862,845.2,855,853.6,"5,548.00",855.3,"4,735,766.60",76,-0.3,16.8,-0.04,1.99,0.16,881.93,819.76,"1,214.80",541
295,TAMOR,-,477.4,499,477.4,490,485.76,"16,444.00",487,"7,987,883.20",203,3,21.6,0.62,4.52,0.86,443.49,428.88,596,230.1
296,TPC,-,493.5,494,476,484,484.65,"19,702.00",489.9,"9,548,629.20",168,-5.9,18,-1.2,3.78,-0.13,500.8,518.57,723,306.2
297,TRH,-,"1,209.00","1,209.00","1,153.00","1,157.00","1,174.36","4,724.00","1,187.00","5,547,661.20",88,-30,56,-2.53,4.86,-1.5,949.55,898.98,"1,538.00",640
298,TSHL,-,880.1,935,880.1,913.9,915.59,"12,199.00",897,"11,169,329.50",168,16.9,54.9,1.88,6.24,-0.19,688.5,635.3,"1,231.00",300.3
299,TVCL,-,475,504.5,470.1,483.9,487.48,"27,742.00",476,"13,523,698.00",230,7.9,34.4,1.66,7.32,-0.74,486.92,504.68,660,268
300,UAIL,-,677.5,677.5,656.1,656.1,667.97,"21,068.00",668,"14,072,717.10",145,-11.9,21.4,-1.78,3.26,-1.81,624.11,605.93,837.3,470.5
301,UHEWA,-,501,512.1,501,508.9,505.53,"6,365.00",510.4,"3,217,722.10",89,-1.5,11.1,-0.29,2.22,0.66,478.36,437.13,622,250.8
302,ULBSL,-,"3,160.00","3,232.90","3,125.00","3,197.50","3,186.42",398,"3,216.00","1,268,197.00",24,-18.5,107.9,-0.58,3.45,0.35,"2,353.40","1,958.14","3,630.00",944.8
303,ULHC,-,400,408.8,395,398,402.66,"20,612.00",402.9,"8,299,658.80",216,-4.9,13.8,-1.22,3.49,-1.17,387.46,367.16,487,217.1
304,UMHL,-,329,349.9,322.7,326,326.71,"92,284.00",325.9,"30,150,137.40",374,0.1,27.2,0.03,8.43,-0.22,277.78,273.3,386,168
305,UMRH,-,492.7,502,477,481.2,495.07,"43,720.00",483.1,"21,644,493.10",204,-1.9,25,-0.39,5.24,-2.88,428.14,410.82,628,261.3
306,UNHPL,-,287,288,274.5,280,281.09,"38,684.00",284.5,"10,873,713.20",180,-4.5,13.5,-1.58,4.92,-0.39,256.27,251.49,346,156
307,UNL,-,"49,499.90","49,499.90","48,850.00","48,850.00","49,087.34",110,"49,250.00","5,399,607.00",10,-400,649.9,-0.81,1.33,-0.49,"46,315.67","44,203.49","56,805.80","35,501.00"
308,UNLB,-,"2,515.00","2,535.00","2,490.10","2,526.90","2,506.97","4,574.00","2,515.00","11,466,890.50",83,11.9,44.9,0.47,1.8,0.79,"2,169.74","1,883.45","3,050.00",922
309,UPCL,-,285.6,285.6,276.8,277,280.55,"72,704.00",280,"20,397,107.20",353,-3,8.8,-1.07,3.18,-1.28,231.64,227.84,345,168
310,UPPER,-,229,231.9,226,227,228.66,"242,241.00",227.5,"55,391,721.30","1,088",-0.5,5.9,-0.22,2.61,-0.73,191.96,194.98,295,152.1
311,USHEC,-,510,527,500,517.1,518.02,"37,601.00",500,"19,478,256.80",331,17.1,27,3.42,5.4,-0.18,465.74,431.86,661.6,216.2
312,USHL,-,847.7,860,780,820,812.36,"59,605.00",864.9,"48,420,919.50",379,-44.9,80,-5.19,10.26,0.93,603.29,567.99,961,285.6
313,USLB,-,"1,497.00","1,527.00","1,474.30","1,506.90","1,497.79","1,652.00","1,499.00","2,474,356.80",47,7.9,52.7,0.53,3.57,0.6,"1,775.49","1,584.89","2,363.30",591.1
314,VLBS,-,917.3,919,890,919,910.47,"9,261.00",936,"8,431,881.50",109,-17,29,-1.82,3.26,0.93,940.37,843.01,"1,174.00",546.1
315,VLUCL,-,610,634,610,615,622.21,"24,607.00",608,"15,310,700.90",296,7,24,1.15,3.93,-1.17,566.4,553.76,816,365.3
316,WNLB,-,"2,675.40","2,838.00","2,675.00","2,682.00","2,715.81","3,234.00","2,730.00","8,782,941.40",92,-48,163,-1.76,6.09,-1.26,"1,732.72","1,473.10","3,500.00",680
